<students>
    <student>
        <firstname>John</firstname>
        <lastname>Doe</lastname>
        <age>25</age>
        <apprentice>true</apprentice>
        <grades>
            <grade>85</grade>
            <grade>90</grade>
            <grade>88</grade>
        </grades>
    </student>
    <student>
        <firstname>Alice</firstname>
        <lastname>Smith</lastname>
        <age>22</age>
        <apprentice>true</apprentice>
        <grades>
            <grade>78</grade>
            <grade>82</grade>
            <grade>80</grade>
        </grades>
    </student>
    <student>
        <firstname>Bob</firstname>
        <lastname>Johnson</lastname>
        <age>28</age>
        <apprentice>true</apprentice>
        <grades>
            <grade>90</grade>
            <grade>92</grade>
            <grade>89</grade>
        </grades>
    </student>
</students>
